Maria,F,5640
Matilde,F,1835
Leonor,F,1783
Carolina,F,1174
Beatriz,F,1154
Mariana,F,1152
Ana,F,1010
Sofia,F,958
Inês,F,939
Margarida,F,912
Francisca,F,898
Lara,F,853
Laura,F,707
Alice,F,661
Joana,F,625
Clara,F,597
Diana,F,582
Madalena,F,567
Mara,F,488
Luana,F,487
Benedita,F,482
Constança,F,459
Mafalda,F,458
Bianca,F,449
Íris,F,431
Sara,F,415
Camila,F,409
Gabriela,F,406
Rita,F,405
Eva,F,375
Carlota,F,367
Letícia,F,365
Vitória,F,323
Ema,F,301
Luísa,F,296
Catarina,F,286
Ariana,F,259
Yasmin,F,249
Yara,F,248
Carminho,F,193
Miriam,F,192
Marta,F,184
Alícia,F,183
Rafaela,F,178
Luena,F,176
Victória,F,170
Núria,F,168
Kyara,F,163
Helena,F,163
Valentina,F,163
Júlia,F,162
Bárbara,F,156
Isabel,F,154
Nicole,F,153
Daniela,F,148
Lia,F,142
Bruna,F,142
Melissa,F,140
Noa,F,135
Jéssica,F,135
Teresa,F,132
Iara,F,132
Raquel,F,129
Filipa,F,121
Mia,F,96
Érica,F,92
Luna,F,89
Isis,F,88
Caetana,F,78
Alexandra,F,75
Mélanie,F,73
Pilar,F,73
Juliana,F,73
Kelly,F,71
Isabela,F,68
Adriana,F,68
Aurora,F,68
Débora,F,67
Soraia,F,66
Eduarda,F,63
Lorena,F,62
Áurea,F,62
Olívia,F,57
Amélia,F,56
Emília,F,52
Naiara,F,49
Frederica,F,47
Irina,F,43
Renata,F,40
Anita,F,39
Larissa,F,39
Petra,F,38
Emma,F,38
Sarah,F,37
Vera,F,37
Tatiana,F,37
Julieta,F,36
Nádia,F,36
Mayara,F,35
Salomé,F,35
Samira,F,35
Rebeca,F,34
Fabiana,F,34
Patrícia,F,33
Simone,F,32
Paloma,F,32
Aline,F,32
Liliana,F,32
Nair,F,31
Luz,F,31
Luciana,F,31
Andreia,F,31
Isabella,F,30
Dalila,F,30
Chloe,F,30
Ester,F,29
Flor,F,28
Safira,F,28
Erika,F,27
Elisa,F,27
Anna,F,27
Rosa,F,26
Mónica,F,26
Cláudia,F,26
Lúcia,F,25
Abigail,F,25
Ângela,F,25
Rosarinho,F,24
Sophia,F,24
Carla,F,24
Alana,F,24
Micaela,F,23
Bia,F,23
Fátima,F,22
Maiara,F,22
Emily,F,22
Eliana,F,22
Carmo,F,22
Dânia,F,21
Marisa,F,21
Erica,F,21
Cíntia,F,20
Amália,F,20
Raissa,F,20
Viviane,F,20
Serena,F,20
Vanessa,F,20
Clarisse,F,19
Denise,F,19
Carina,F,19
Violeta,F,19
Eliane,F,19
Rute,F,19
Flávia,F,18
Kiara,F,18
Iris,F,18
Liara,F,18
Susana,F,17
Cristina,F,17
Cecília,F,17
Giovana,F,17
Nayara,F,17
Márcia,F,17
Oriana,F,16
Milena,F,16
Victoria,F,16
Lídia,F,16
Dara,F,16
Manuela,F,16
Cristiana,F,16
Estrela,F,15
Elena,F,15
Lea,F,15
Liana,F,15
Angélica,F,14
Solange,F,14
Telma,F,14
Dayane,F,14
Sónia,F,14
Antónia,F,14
Verónica,F,14
Marina,F,14
Aléxia,F,14
Ariane,F,14
Isa,F,13
India,F,13
Paula,F,13
Simara,F,13
Liane,F,13
Ellen,F,13
Lívia,F,12
Daria,F,12
Neuza,F,12
Lais,F,12
Tânia,F,12
Leila,F,12
Sandra,F,12
Priscila,F,12
Martina,F,11
Riana,F,11
Melanie,F,11
Tamara,F,11
Samanta,F,11
Valéria,F,11
Jénifer,F,11
Ariele,F,11
Maísa,F,11
Deise,F,11
Maia,F,10
Taís,F,10
Carmen,F,10
Briana,F,10
Glória,F,10
Amanda,F,10
Ciara,F,10
Doriana,F,10
Esther,F,10
Thaís,F,10
Clarinha,F,10
Jacinta,F,10
Guiomar,F,10
Esmeralda,F,10
Brenda,F,10
Aisha,F,10
Anaísa,F,10
Esperança,F,9
Viviana,F,9
Elsa,F,9
Lua,F,9
Natacha,F,9
Olivia,F,9
Oceana,F,9
Luzia,F,9
Ashley,F,9
Tamára,F,9
Concha,F,9
Nina,F,9
Noemi,F,9
Cloe,F,9
Maya,F,9
Rafaella,F,9
Rayanne,F,9
Ísis,F,9
Alicia,F,9
Zoé,F,8
Sabrina,F,8
Estela,F,8
Maira,F,8
Lya,F,8
Naísa,F,8
Dora,F,8
Cloé,F,8
Charlotte,F,8
Angelina,F,8
Taísa,F,8
Samara,F,8
Penélope,F,8
Lília,F,8
Luisa,F,8
Chloé,F,8
Jennifer,F,8
Suri,F,8
Stella,F,8
Maura,F,8
Eunice,F,7
Martinha,F,7
Aysha,F,7
Aura,F,7
Maryam,F,7
Karina,F,7
Mayra,F,7
Alma,F,7
Josiane,F,7
Eleonor,F,7
Anaís,F,7
Vânia,F,7
Laís,F,7
Graça,F,7
Rayssa,F,7
Mercedes,F,7
Alissa,F,7
Ária,F,7
Lisandra,F,7
Alexa,F,7
Adelaide,F,7
Miranda,F,7
Naíma,F,7
Yohanna,F,7
Lígia,F,7
Stephanie,F,6
Adelina,F,6
Irís,F,6
Melina,F,6
Lina,F,6
Alexia,F,6
Cátia,F,6
Liz,F,6
Jussara,F,6
Mila,F,6
Carol,F,6
Dulce,F,6
Fatumata,F,6
Cândida,F,6
Pérola,F,6
Isaura,F,6
Taíssa,F,6
Jade,F,6
Joyce,F,6
Lavínia,F,6
Suéli,F,6
Irene,F,6
Kayla,F,6
Nídia,F,6
Aurea,F,6
Anabela,F,6
Michele,F,6
Emilly,F,5
Mirian,F,5
Hellen,F,5
Tiffany,F,5
Mercês,F,5
Milana,F,5
Nancy,F,5
Naomi,F,5
Rebecca,F,5
Jacira,F,5
Katie,F,5
Nara,F,5
Anastasia,F,5
Leticia,F,5
Leandra,F,5
Giovanna,F,5
Morgana,F,5
Anamar,F,5
Jessica,F,5
Tiara,F,5
Anaya,F,5
Matilda,F,5
Zoe,F,5
Alessia,F,5
Andrea,F,5
Aminata,F,5
Gabriella,F,5
Flora,F,5
Magda,F,5
Ayla,F,5
Adriela,F,5
Rania,F,5
Evelyn,F,5
Luiza,F,5
Elisabete,F,5
Joelma,F,5
Marlene,F,5
Tiana,F,5
Melany,F,5
Keyla,F,4
Fernanda,F,4
Malika,F,4
Dádiva,F,4
Allana,F,4
Nayra,F,4
Natália,F,4
Natalia,F,4
Cinara,F,4
Michelle,F,4
Diva,F,4
Hannah,F,4
Marisol,F,4
Lucília,F,4
Stela,F,4
Luara,F,4
Janice,F,4
Sol,F,4
Kataleya,F,4
Sheila,F,4
Cataleya,F,4
Cassandra,F,4
Bella,F,4
Florbela,F,4
Celina,F,4
Aida,F,4
Milene,F,4
Alina,F,4
Melyssa,F,4
Kaylane,F,4
Branca,F,4
Iriana,F,4
Dafne,F,4
Amora,F,4
Liliane,F,4
Janaína,F,4
Suria,F,4
Lana,F,4
Ariel,F,4
Sílvia,F,4
Kimberly,F,4
Siena,F,4
Silvana,F,4
Weza,F,4
Evelina,F,4
Haniela,F,4
Veronica,F,4
Guadalupe,F,4
Rayane,F,4
Alyssa,F,4
Mariam,F,4
Sophie,F,4
Joice,F,4
Camilla,F,4
Alba,F,4
Kieza,F,4
Jasmina,F,4
Veronika,F,4
Khadija,F,4
Hadassa,F,4
Polina,F,4
Yasmine,F,4
Cármen,F,4
Nadine,F,4
Sienna,F,4
Ariela,F,3
Zara,F,3
Elisabeth,F,3
Seerat,F,3
Maimuna,F,3
Ânia,F,3
Klara,F,3
Ália,F,3
Melinda,F,3
Brianna,F,3
Ava,F,3
Nour,F,3
Ândria,F,3
Aicha,F,3
Zita,F,3
Tabita,F,3
Nalini,F,3
Rossana,F,3
Isadora,F,3
Sharon,F,3
Laryssa,F,3
Taynara,F,3
Barbara,F,3
Lucy,F,3
Andreea,F,3
Dina,F,3
Maitê,F,3
Lola,F,3
Lena,F,3
Teresinha,F,3
Ellie,F,3
Elvira,F,3
Sahara,F,3
Aylla,F,3
Catalina,F,3
Nicolly,F,3
Marília,F,3
Stephany,F,3
Rúbia,F,3
Noémi,F,3
Filomena,F,3
Eliza,F,3
Agatha,F,3
Denisa,F,3
Daisi,F,3
Fábia,F,3
Olga,F,3
Aaliyah,F,3
Emilia,F,3
Nayla,F,3
Liany,F,3
Sasha,F,3
Nikol,F,3
Muriel,F,3
Pietra,F,3
Latifa,F,3
Aliça,F,3
Lira,F,3
Ticiana,F,3
Leah,F,3
Lucía,F,3
Edna,F,3
Stefany,F,3
Nuna,F,3
Daiana,F,3
Quélia,F,3
Leia,F,3
Radija,F,3
Emanuela,F,3
Fatima,F,3
Thayla,F,3
Ivana,F,3
Kira,F,3
Anabel,F,3
Amy,F,3
Cássia,F,3
Sarai,F,3
Arina,F,3
Geovana,F,3
Pandora,F,3
Francesca,F,3
Letízia,F,3
Alda,F,3
Estefânia,F,3
Amira,F,3
Mirela,F,3
Lunna,F,3
Hoorain,F,3
Dália,F,3
Zaira,F,3
Cora,F,3
Kailany,F,3
Zoey,F,3
Suely,F,3
Sehajpreet,F,3
Ionara,F,3
Jandira,F,3
Indira,F,3
Mathilde,F,3
Hawa,F,3
Linda,F,3
Debora,F,2
Aleksandra,F,2
Dominique,F,2
Anair,F,2
Heloísa,F,2
Gisela,F,2
Jana,F,2
Delia,F,2
Rosário,F,2
Mágui,F,2
Stefania,F,2
Inara,F,2
Lidiana,F,2
Cristal,F,2
Cheila,F,2
Jasmeen,F,2
Letizia,F,2
Laureana,F,2
Anaelle,F,2
Vilma,F,2
Manha,F,2
Andra,F,2
Amelia,F,2
Ayumi,F,2
Melody,F,2
Yasmina,F,2
Assunção,F,2
Genésia,F,2
Nayma,F,2
Nadia,F,2
Nélia,F,2
Antonia,F,2
Crystal,F,2
Yana,F,2
Kamila,F,2
Thayra,F,2
Élia,F,2
Ayesha,F,2
Lurdes,F,2
Emanuelle,F,2
Aryana,F,2
Anastácia,F,2
Jael,F,2
Aliana,F,2
Zélia,F,2
Eveline,F,2
Otília,F,2
Perla,F,2
Chelsea,F,2
Yi,F,2
Kendra,F,2
Hayla,F,2
Viktoria,F,2
Jil,F,2
Fedra,F,2
Ivy,F,2
Samaritana,F,2
Marwa,F,2
Miguela,F,2
Aliyha,F,2
Josefa,F,2
Poliana,F,2
Karen,F,2
Laysla,F,2
Ranya,F,2
Lilian,F,2
Josefina,F,2
Maribel,F,2
Piedade,F,2
Amina,F,2
Lyah,F,2
Djelissa,F,2
Suzi,F,2
Viktoriya,F,2
Jasmeet,F,2
Adélia,F,2
Isís,F,2
Rahyssa,F,2
Stéphanie,F,2
Orquídea,F,2
Shaira,F,2
Adama,F,2
Graciana,F,2
Ludmila,F,2
Yangchen,F,2
Emilie,F,2
Rose,F,2
Céline,F,2
Dayra,F,2
Anaisa,F,2
Alisa,F,2
Aya,F,2
íris,F,2
Anastacia,F,2
Lavinia,F,2
Jacyara,F,2
Alisha,F,2
Hossana,F,2
Ananda,F,2
Soraya,F,2
Malak,F,2
Arianna,F,2
Karolina,F,2
Marie,F,2
Florinda,F,2
Samantha,F,2
Karine,F,2
Kaya,F,2
Ayani,F,2
Bela,F,2
Ohana,F,2
Angela,F,2
Jia,F,2
Mikaela,F,2
Isabelly,F,2
Rahela,F,2
Dilnura,F,2
Elzira,F,2
Mariama,F,2
Elizabeth,F,2
Anais,F,2
Oumou,F,2
Louisa,F,2
Estefany,F,2
Layra,F,2
Thaíssa,F,2
Cidália,F,2
Selma,F,2
Olinda,F,2
Katia,F,2
Grace,F,2
Mankirat,F,2
Girisha,F,2
Lueji,F,2
Heloisa,F,2
Zlata,F,2
Roberta,F,2
Louise,F,2
Ticiane,F,2
Prapti,F,2
Melânia,F,2
Lyara,F,2
Séfora,F,2
Tamar,F,2
Mellyssa,F,2
Katerina,F,2
Dominika,F,2
Izabel,F,2
Suzana,F,2
Yaqi,F,2
Elizabet,F,2
Ágata,F,2
Valentine,F,2
Amélie,F,2
Vivian,F,2
Neusa,F,2
Gaia,F,2
Deva,F,2
Raina,F,2
Dária,F,2
Lícia,F,2
Stacy,F,2
Elisete,F,2
Elisama,F,2
Hareem,F,2
Eshal,F,2
Inaaya,F,2
Andressa,F,2
KellY,F,2
Hélia,F,2
Giulia,F,2
Yiyi,F,2
Quessia,F,2
Lyana,F,2
Yassna,F,2
Iasmin,F,2
Zilda,F,2
Myriam,F,2
Adriele,F,2
Cleide,F,2
Sujana,F,2
Andreína,F,2
Gabrielly,F,2
Mel,F,2
Janira,F,2
Geovanna,F,2
Adele,F,2
Celeste,F,2
Nayr,F,2
Aliya,F,2
Raíssa,F,2
Alycia,F,2
Berenice,F,2
Cadija,F,2
Hafsa,F,2
Virgínia,F,2
Bebiana,F,2
Anny,F,2
Luenna,F,2
Nelsa,F,2
Izabella,F,2
Julia,F,2
Neide,F,2
Evelin,F,2
Simona,F,2
Jessie,F,2
Surya,F,2
Gina,F,2
Ayra,F,2
Rosalina,F,2
Jane,F,2
Lisa,F,2
Tainara,F,2
Jasmine,F,2
Miria,F,2
Mellanie,F,2
Ndeye,F,2
Hasna,F,1
Miruna,F,1
Belle,F,1
Adalbmira,F,1
Dâmaris,F,1
Moira,F,1
Rosinda,F,1
Wiliana,F,1
Janna,F,1
Enily,F,1
Tita,F,1
Kentia,F,1
Isabely,F,1
Hasmara,F,1
Danniielly,F,1
Djacqueline,F,1
Shayenne,F,1
Jaycee,F,1
Tajpreet,F,1
Edegarnia,F,1
Khyara,F,1
Magalie,F,1
Lilly,F,1
Emanuele,F,1
Giselle,F,1
Jacqueline,F,1
Allicy,F,1
Tayanne,F,1
Evelyne,F,1
All,F,1
Redhana,F,1
Khushpreet,F,1
Magali,F,1
Lyssa,F,1
Hapel,F,1
Alsusy,F,1
Khloé,F,1
Jasira,F,1
Idjatu,F,1
Neidivana,F,1
Saphira,F,1
Svetlana,F,1
Palmira,F,1
Licínia,F,1
Laia,F,1
Andy,F,1
Marle,F,1
Robella,F,1
Keyna,F,1
Shanti,F,1
Isys,F,1
Roumaysa,F,1
Ricardina,F,1
Epifânia,F,1
Vivianne,F,1
Talícia,F,1
Valdimira,F,1
Stéphane,F,1
Maxine,F,1
Yvana,F,1
Zora,F,1
Tayane,F,1
Lavonne,F,1
Umaro,F,1
Thays,F,1
Anise,F,1
Loane,F,1
Assmaa,F,1
Clotilde,F,1
Evalyn,F,1
Thyara,F,1
Anusrita,F,1
Juli,F,1
Elcy,F,1
Cínara,F,1
Rey,F,1
Prasiddi,F,1
Taiana,F,1
Cathaleya,F,1
Chisom,F,1
Yellen,F,1
Joya,F,1
Kathrine,F,1
Miftah,F,1
Talia,F,1
Zahira,F,1
Nikita,F,1
Arione,F,1
Bipashna,F,1
Shakira,F,1
Zalia,F,1
Mahia,F,1
Tabata,F,1
Kalyani,F,1
Khushmeet,F,1
Crismara,F,1
Kezia,F,1
Tatheer,F,1
Daymin,F,1
Tahmarah,F,1
Garima,F,1
Helciany,F,1
Itamara,F,1
Inga,F,1
Olive,F,1
Mihaela,F,1
Gabi,F,1
Vasilisa,F,1
Afonsina,F,1
Ariella,F,1
Layan,F,1
Midha,F,1
Kyla,F,1
Chimalavera,F,1
Sarika,F,1
Aimeé,F,1
Sófia,F,1
Ara,F,1
Isabelle,F,1
Conceição,F,1
Anurroi,F,1
Yankshee,F,1
Bronoéalfate,F,1
Mariluz,F,1
Keilany,F,1
Nahari,F,1
Dariana,F,1
Adriane,F,1
Jeanne,F,1
Valeria,F,1
Vanélssia,F,1
Keerat,F,1
Lis,F,1
Anastasiya,F,1
Bernadette,F,1
Naziat,F,1
Darcieny,F,1
Fradiana,F,1
Marlice,F,1
Nísia,F,1
Aahana,F,1
Énia,F,1
Xiang,F,1
Thylane,F,1
Évelyn,F,1
Suriah,F,1
Lotte,F,1
Almerinda,F,1
Luege,F,1
Lissandra,F,1
Nevena,F,1
Zahara,F,1
Fanny,F,1
Fabijana,F,1
Hélida,F,1
Lasilis,F,1
Violeta-Maria,F,1
Hala,F,1
Eleni,F,1
Aylén,F,1
Anagila,F,1
Ingrid,F,1
Lowrannie,F,1
Mame,F,1
Keri,F,1
Ashanty,F,1
Solene,F,1
Abinsha,F,1
Mireya,F,1
Jayara,F,1
Christine,F,1
Allet,F,1
Jorzana,F,1
Jane-Grace,F,1
Christiane,F,1
Jingwen,F,1
Hendra,F,1
Kamilla,F,1
Alicya,F,1
Yohanni,F,1
Marcelina,F,1
Gilsa,F,1
Gelcyara,F,1
Edilssa,F,1
Antonya,F,1
Lianor,F,1
Dinora,F,1
Maisha,F,1
Leisiana,F,1
Nícia,F,1
Aliéne,F,1
Kellen,F,1
Wen,F,1
Djariato,F,1
Djanira,F,1
CoraMae,F,1
Alexandrina,F,1
Addis,F,1
Prinsha,F,1
Rayna,F,1
Giselene,F,1
Georgeta,F,1
Cyara,F,1
Aliah,F,1
Timea,F,1
Njinga,F,1
Aksinia,F,1
Casey,F,1
Ágnes-Dorottya,F,1
Nayelle,F,1
Adan,F,1
Vida,F,1
Ifra,F,1
Leana,F,1
Nika,F,1
Daphne,F,1
Saffron,F,1
Laibah,F,1
Aina,F,1
Salete,F,1
Arisha,F,1
Jeicilin,F,1
Kisa,F,1
Ysys,F,1
Ivanne,F,1
Noor,F,1
Vanilda,F,1
Zainab,F,1
Faiza,F,1
Sonam,F,1
Yafei,F,1
Maíra,F,1
Keily,F,1
Omara,F,1
Bianka,F,1
Anami,F,1
Kayana,F,1
Noá,F,1
Maanvika,F,1
Lectícia,F,1
Elvina,F,1
Lauren,F,1
Ramatoulaye,F,1
Jasleen,F,1
Jamily,F,1
Xénia,F,1
Alia,F,1
Noelle,F,1
Elana,F,1
Marya,F,1
Leiza,F,1
Noémia,F,1
Lakshmi,F,1
Sónya,F,1
Shahrizoda,F,1
Iolanda,F,1
Leocádia,F,1
Hiranya,F,1
Isra,F,1
Lucia,F,1
Liziane,F,1
Chelsy,F,1
Lorenza,F,1
Rosângela,F,1
Sadiya,F,1
Nirian,F,1
Cellen,F,1
Amal,F,1
Namaaha,F,1
Daniely,F,1
Tayline,F,1
Snow,F,1
Savannah,F,1
Keya,F,1
Manraj,F,1
Kiláry,F,1
Ribana,F,1
Avni,F,1
Joaninha,F,1
Neomi,F,1
Elany,F,1
Aira,F,1
Nayarah,F,1
Lidiany,F,1
Salemata,F,1
Dilca,F,1
Albena,F,1
Jossara,F,1
Surita,F,1
Marilinda,F,1
Ezequiela,F,1
Annaysa,F,1
Maddalena,F,1
Layne,F,1
Jassira,F,1
MariaLuísa,F,1
Nami,F,1
Hania,F,1
Suphatsara,F,1
N'Nasta,F,1
Helen,F,1
Malú,F,1
Anícia,F,1
Angel,F,1
Carlotta,F,1
Priyanka,F,1
Medea,F,1
Hassanatou,F,1
Mushtaribonu,F,1
Denysa,F,1
Salma,F,1
Hélcia,F,1
Huda,F,1
Vlada,F,1
Eleonora,F,1
Benice,F,1
Yunxi,F,1
Salamata,F,1
Suellen,F,1
Nelsiany,F,1
Gulmira,F,1
Jenifer,F,1
Kristi,F,1
Arima,F,1
Evie,F,1
Anni,F,1
Naery,F,1
Ussainatu,F,1
Elmara,F,1
Persília,F,1
Kassyane,F,1
Hajar,F,1
Wayela,F,1
Ke,F,1
Ayara,F,1
Cataleia,F,1
korine,F,1
Beatrix,F,1
Rahemeen,F,1
Devni,F,1
Ritaj,F,1
Alesia,F,1
Felipa,F,1
Florença,F,1
Eshaal,F,1
Talita,F,1
Greicekelly,F,1
Dana,F,1
Euridce,F,1
Késsia,F,1
Ayanne,F,1
Pyetra,F,1
Ewa,F,1
Adanna,F,1
Átila,F,1
Geneza,F,1
Jaciara,F,1
Arohi,F,1
Lisbon,F,1
Nilsiane,F,1
Ariadna,F,1
Neydiani,F,1
Umaiza,F,1
Joaquim,F,1
Navsirat,F,1
Juelma,F,1
Fiona,F,1
Berta,F,1
Luyana,F,1
Varvâra,F,1
Túlia,F,1
Amelie,F,1
Josemara,F,1
Joaquina,F,1
Caterine,F,1
Simão,F,1
Aleesha,F,1
Sonia,F,1
Aleisa,F,1
Quéren,F,1
Francisa,F,1
Alise,F,1
Julyvalda,F,1
Floy,F,1
Ryhana,F,1
Denitsha,F,1
Marah,F,1
Morayooluwa,F,1
Marilyn,F,1
Yoná,F,1
Harleen,F,1
Feliciana,F,1
Aziza,F,1
Selina,F,1
Parisa,F,1
Evellyn,F,1
Jackeline,F,1
Biana,F,1
Dune,F,1
Alésia,F,1
Liliia,F,1
Máriyah,F,1
Amarílys,F,1
Stanislawa,F,1
Tessália,F,1
Natasha,F,1
Marcia,F,1
Radassa,F,1
Dione,F,1
Malia,F,1
Laya,F,1
Layanne,F,1
Julciane,F,1
Nidhi,F,1
Yasmim,F,1
Ella,F,1
Carmina,F,1
Arminé,F,1
Moana,F,1
Dadivania,F,1
Mahakdip,F,1
Natércia,F,1
Nazariel,F,1
Jeovana,F,1
Caterina,F,1
Juisney,F,1
Malaz,F,1
Arielly,F,1
Japjot,F,1
Deisy,F,1
Maahirah,F,1
Solayra,F,1
Kélcia,F,1
Hilola,F,1
Málua,F,1
Edmara,F,1
Shaskia,F,1
Rissia,F,1
Williane,F,1
Jaylin,F,1
Kendall,F,1
Kaylie,F,1
Bryanna,F,1
Manuella,F,1
Kessya,F,1
Yan,F,1
Destiny,F,1
Abrish,F,1
Ludyanne,F,1
Wizana,F,1
Brisha,F,1
Syrine,F,1
Samicha,F,1
Clezia,F,1
Dharyani,F,1
Manahil,F,1
Gara,F,1
Assia,F,1
Khadidiatou,F,1
Noecris,F,1
Monica,F,1
Raisa,F,1
Arissa,F,1
Ashmeet,F,1
Mylena,F,1
Gisola,F,1
Eknoor,F,1
Oliwia,F,1
Nimi,F,1
Libânia,F,1
Constanza,F,1
Nisa,F,1
Yoshika,F,1
Yunna,F,1
Tenzin,F,1
Aissa,F,1
Julieth,F,1
Sashi,F,1
Josiana,F,1
Yelissa,F,1
Seynabou,F,1
Nayomi,F,1
Suvannah,F,1
Sandy,F,1
Palomá,F,1
Magdalena,F,1
Sulamita,F,1
Pritisha,F,1
Mehribon,F,1
Djenabú,F,1
Nayára,F,1
Deye,F,1
Késia,F,1
Nidiane,F,1
Liriane,F,1
Patricia,F,1
Stephanny,F,1
Tshelika,F,1
Djamilatu,F,1
Dáriane,F,1
Yeomney,F,1
Sury,F,1
Abbie,F,1
Kirpagurasis,F,1
Alfatihah,F,1
Rhoda,F,1
Lucie,F,1
Buia,F,1
Amara,F,1
Gilda,F,1
Edilzy,F,1
Glaucivania,F,1
Kiany,F,1
Kessia,F,1
Naiesha,F,1
Jada,F,1
Tong,F,1
Laksmi,F,1
Anne,F,1
Vruti,F,1
Jilsiany,F,1
Mahira,F,1
Nicol,F,1
Navroz,F,1
Ariadne,F,1
Steveandra,F,1
Aprilia,F,1
Ruth,F,1
Sabina,F,1
Alcilane,F,1
Naylah,F,1
Kaela,F,1
Rosária,F,1
Eiman,F,1
Bristi,F,1
Dolores,F,1
Emiliana,F,1
Joicy,F,1
Yufei,F,1
Maïdo,F,1
Niah,F,1
Dhiyanshi,F,1
Klery,F,1
Delcia,F,1
Ostara,F,1
Gudusuaina,F,1
Heidy,F,1
Electra,F,1
Caroline,F,1
Leslie,F,1
Cadijato,F,1
Chiara,F,1
Scarlett,F,1
Cici,F,1
Aniara,F,1
Miah,F,1
Jottália,F,1
Giuliana,F,1
Eulinia,F,1
Marisela,F,1
Katalya,F,1
Axelle,F,1
Yumi,F,1
Harnoor,F,1
Laurena,F,1
Eloah,F,1
Elleonor,F,1
Adchaeiny,F,1
Jordanna,F,1
Audrey,F,1
Ululani,F,1
Katrin,F,1
Kamilly,F,1
Sadjo,F,1
Ilsa,F,1
Glenda,F,1
Teodora,F,1
Abhineet,F,1
Ismaela,F,1
Elis,F,1
Dadivina,F,1
Amritjot,F,1
Angelika,F,1
ELoíza,F,1
Karnjeet,F,1
Edneyja,F,1
Zenaida,F,1
Ndaye,F,1
Dania,F,1
Qristina,F,1
Philomène,F,1
Sejal,F,1
Blendcy,F,1
Iva,F,1
Yaqoot,F,1
Laurinda,F,1
Nerissa,F,1
Tian,F,1
Mara-Grace,F,1
Elisabeta,F,1
Dezayre,F,1
Elaina,F,1
Ashveen,F,1
Kenza,F,1
Cathrionna,F,1
Khaleesi,F,1
Karoliny,F,1
Nariel,F,1
Amna,F,1
Piya,F,1
Nazaré,F,1
Gelila,F,1
Thais,F,1
Gesciana,F,1
Délia,F,1
Kyana,F,1
Romana,F,1
Kiendra,F,1
Rio,F,1
Selena,F,1
Alaina,F,1
Arieli,F,1
Mansikha,F,1
Kailanny,F,1
Dounia,F,1
Erika-Daniela,F,1
Adira,F,1
Janine,F,1
Smahir,F,1
Kellyn,F,1
Gabrielle,F,1
Mizuki,F,1
Namira,F,1
Shariya,F,1
Catia,F,1
Pretty,F,1
Ngenda,F,1
Andriana,F,1
Acácia,F,1
Yêda,F,1
Yulia,F,1
Vanine,F,1
Constânça,F,1
Manmeet,F,1
Ilyana,F,1
Ruby,F,1
Silvia,F,1
Sofya,F,1
Medeea,F,1
Túlipa,F,1
Katerin,F,1
Agneya,F,1
Yuwei,F,1
Khando,F,1
M'mahawa,F,1
Hadija,F,1
Lilia,F,1
Acakarein,F,1
Sukhmeet,F,1
Kayma,F,1
Juliet,F,1
Gianna,F,1
Lenicy,F,1
Saana,F,1
Eárine,F,1
Célia,F,1
Nadyne,F,1
Mabel,F,1
Laíz,F,1
Agnes,F,1
Swikriti,F,1
Eugénia,F,1
Anoek,F,1
Fabrícia,F,1
June,F,1
Franziska,F,1
Fredilsa,F,1
Jessy,F,1
Taranjit,F,1
Shayanne,F,1
Mannat,F,1
Wilsia,F,1
Betânia,F,1
Saskia,F,1
Deolinda,F,1
Melek,F,1
Ábda,F,1
Astha,F,1
Enora,F,1
Carlene,F,1
Sintra,F,1
Giana,F,1
Keimilly,F,1
Heluísa,F,1
Itiele,F,1
Halana,F,1
Marianna,F,1
Anira,F,1
Lania,F,1
Génesis,F,1
Nahary,F,1
Gélsia,F,1
Ursula,F,1
Wyssan,F,1
Xiyu,F,1
Rayannie,F,1
Ioana,F,1
Josianne,F,1
Daiane,F,1
Helga,F,1
Patrisia,F,1
Lukeni,F,1
Agustina,F,1
Adely,F,1
Stefania-Mioara,F,1
Alexya,F,1
Khiiara,F,1
Thalita,F,1
Biyu,F,1
Antonela,F,1
leonor,F,1
Elliane,F,1
Kihara,F,1
Dadivânia,F,1
Evandra,F,1
Savana,F,1
Niza,F,1
Wueza,F,1
Ninara,F,1
Weidy,F,1
Miriãn,F,1
Zhara,F,1
Elody,F,1
Celmira,F,1
Solomia,F,1
Isla,F,1
Raniyah,F,1
Jofrania,F,1
Soline,F,1
Mari,F,1
Karol,F,1
Kessyah,F,1
Chantell,F,1
Rasan,F,1
Dafny,F,1
Carole,F,1
Rhebekka,F,1
Margaryta,F,1
Aynara,F,1
Cibele,F,1
Maysa,F,1
Danielle,F,1
Suryanne,F,1
Yuhan,F,1
Lilya,F,1
Lilu,F,1
Casimira,F,1
Maryana,F,1
Katherine,F,1
Miglena,F,1
Jordana,F,1
Mariah,F,1
Rafa,F,1
Pixie,F,1
Manreet,F,1
Yokana,F,1
Nicolle,F,1
Alanis,F,1
Núbia,F,1
Âmbar,F,1
Aylin,F,1
Sayesha,F,1
Aryanna,F,1
Elyanne,F,1
Amissette,F,1
Emanuelly,F,1
Regina,F,1
Rocio,F,1
Xinyan,F,1
Ivandra,F,1
Melinie,F,1
Idiatou,F,1
Solomiia,F,1
Suhveen,F,1
Laércia,F,1
Brisa,F,1
Orianna,F,1
Luinysa,F,1
Nelcy,F,1
Aniya,F,1
Pallavi,F,1
Kessyane,F,1
Xica,F,1
Mansirat,F,1
India-Rose,F,1
Yoanna,F,1
Naiane,F,1
Senhorinha,F,1
Dineia,F,1
Yuxuan,F,1
Estera,F,1
Dinica,F,1
Binta,F,1
Árya,F,1
Yaroslava,F,1
Kassyani,F,1
Rafia,F,1
Vedanshi,F,1
Nimrat,F,1
Kênia,F,1
Ivaldira,F,1
Àurea,F,1
Camélia,F,1
Sancha,F,1
Danacan,F,1
Natali,F,1
Myra,F,1
Houssainatou,F,1
Ketleliny,F,1
Shael,F,1
Sáli,F,1
Heloá,F,1
Ketlyn,F,1
Iracema,F,1
Frida,F,1
Luciane,F,1
Shareen,F,1
Divija,F,1
Subana,F,1
Aurélia,F,1
Ayhane,F,1
Iria,F,1
Kadija,F,1
Mariame,F,1
Harkirat,F,1
Belisa,F,1
Chelse,F,1
Jaqueline,F,1
Maryon,F,1
Felícia,F,1
Lidiane,F,1
Élice,F,1
Dianna,F,1
Luine,F,1
Siara,F,1
Açucena,F,1
Helaine,F,1
Hamda,F,1
Lohana,F,1
Tayanni,F,1
Williana,F,1
Vania,F,1
José,F,1
Isabelina,F,1
Adifaah,F,1
Constância,F,1
Rihana,F,1
Nigina,F,1
Humaira,F,1
Acricia,F,1
Kyra,F,1
Dércia,F,1
Erin,F,1
Nia,F,1
Romane,F,1
Niriani,F,1
Cáren,F,1
Annelise,F,1
Yngrid,F,1
Nayleen,F,1
Lays,F,1
Sania,F,1
Élis,F,1
Roshni,F,1
Roseane,F,1
Xiluva,F,1
Alena,F,1
Melánie,F,1
Taysha,F,1
Taciana,F,1
Carmel,F,1
Shayana,F,1
Zulai,F,1
Raihanny,F,1
Hellena,F,1
Emelly,F,1
Maika,F,1
Lorrainy,F,1
Nevelly,F,1
Ciyara,F,1
Aiza,F,1
Ivânia,F,1
Amaris,F,1
Mabinty,F,1
Simrik,F,1
Handreia,F,1
Madalina,F,1
Noah,F,1
Anuradha,F,1
Kemily,F,1
Keyanna,F,1
Nirjala,F,1
Kátia,F,1
Mircya,F,1
Neyllin,F,1
Kyomara,F,1
Parissa,F,1
Sanjida,F,1
Dariya,F,1
Malu,F,1
Aniery,F,1
Daisy,F,1
Iuliana,F,1
Beatris,F,1
Gurleen,F,1
Dalanda,F,1
Afreen,F,1
Lweji,F,1
Pendasecka,F,1
Zhoé,F,1
Tanveen,F,1
Cyntia,F,1
Farha,F,1
Laila,F,1
Astou,F,1
Fatou,F,1
Rajina,F,1
Nayel,F,1
Emanuely,F,1
Divyanka,F,1
Carlize,F,1
Luane,F,1
Anabia,F,1
Cherry,F,1
Émilly,F,1
Vidhi,F,1
Daiany,F,1
Rayana,F,1
Yian,F,1
Riman,F,1
Osvaldeclenia,F,1
Paulina,F,1
Dianilse,F,1
Suvigya,F,1
Otchali,F,1
Joseline,F,1
Anureet,F,1
Ulmira,F,1
Raiane,F,1
Yesmine,F,1
Sole,F,1
Silmery,F,1
Armanda,F,1
Anaïs,F,1
Graciete,F,1
Aglaya,F,1
Shahshenazneet,F,1
Janete,F,1
Keitlyn,F,1
Subasna,F,1
Khloe,F,1
Jaylee,F,1
Hilma,F,1
Yanxi,F,1
Aurelie,F,1
Fabyene,F,1
Cristela,F,1
Evilly,F,1
Luanny,F,1
Dámaris,F,1
Joselina,F,1
Britney,F,1
Domingas,F,1
Gianny,F,1
Yalissa,F,1
Yani,F,1
Kathleen,F,1
Alanya,F,1
Tannisha,F,1
Melisa,F,1
Charline,F,1
Japleen,F,1
Zhiqi,F,1
Cleidiane,F,1
Laureanny,F,1
Naíra,F,1
Roxana,F,1
Lwena,F,1
Florence,F,1
Angeljot,F,1
Tshayene,F,1
Safwa,F,1
Edit,F,1
Velina,F,1
Judite,F,1
Rosedeep,F,1
Hosana,F,1
Alcione,F,1
Jazzmine,F,1
Tilia,F,1
Daliah,F,1
Alyara,F,1
Meera,F,1
Malena,F,1
Mahima,F,1
Shiyu,F,1
Mateus,F,1
Joi,F,1
Steffany,F,1
Prudência,F,1
Slaveya,F,1
Kremena,F,1
Daina,F,1
Gala,F,1
Kássya,F,1
Inaara,F,1
Livia,F,1
Jailma,F,1
Priyani,F,1
Judith,F,1
Harseerat,F,1
Sanuthi,F,1
Desidéria,F,1
Zoya,F,1
Kellyne,F,1
Mileyna,F,1
Preciosa,F,1
Eliete,F,1
Amandeed,F,1
Jannat,F,1
Laurel,F,1
Izabela,F,1
Sura,F,1
Malie,F,1
Stefane,F,1
Dylara,F,1
Helene,F,1
Bareerah,F,1
Marion,F,1
Yashna,F,1
Inna,F,1
Junira,F,1
Madelene,F,1
Awa,F,1
Mayline,F,1
Elisiane,F,1
Alysha,F,1
Niara,F,1
Skylar,F,1
Marli,F,1
Sohany,F,1
Aixa,F,1
Rosana,F,1
Nahyma,F,1
Tasmia,F,1
Paola,F,1
Murphy,F,1
Tawila,F,1
Ayana,F,1
Mayana,F,1
Kiuma,F,1
Fenda,F,1
Edineusa,F,1
Aliyah,F,1
Muntaha,F,1
Lyane,F,1
Zi,F,1
Vittória,F,1
April,F,1
Aljahzye,F,1
Dgeorgia,F,1
Joquebede,F,1
Yolela,F,1
Wilma,F,1
Anam,F,1
Shabih,F,1
Danya,F,1
Seomara,F,1
Cindy,F,1
Alécia,F,1
Fylipa,F,1
Anayah,F,1
Larayumi,F,1
Sumayya,F,1
Léanor,F,1
Liah,F,1
Margarita,F,1
Ezra,F,1
Keity,F,1
Lily,F,1
Debra,F,1
Nicoly,F,1
Ilda,F,1
Avonlea,F,1
Siomara,F,1
Cinthya,F,1
Apani,F,1
Valnice,F,1
Vitorina,F,1
Adija,F,1
Mabell,F,1
Stefaniia,F,1
Aynoah,F,1
Miya,F,1
Rouguiatou,F,1
Papoila,F,1
Nusaybah,F,1
Claire,F,1
Gurmehek,F,1
Léa,F,1
Namita,F,1
Raluca,F,1
Kissia,F,1
Lysie,F,1
Nura,F,1
Miriã,F,1
Jullia,F,1
Naila,F,1
Aariyana,F,1
Lanna,F,1
Marguerite,F,1
Priyanshi,F,1
Ebenézer,F,1
Ni,F,1
Ilinca,F,1
Eliany,F,1
Octávia,F,1
Rayanna,F,1
Joseane,F,1
Emaan,F,1
Alaia,F,1
Nuo,F,1
Mali,F,1
Cleopatra,F,1
Brishma,F,1
Jidaya,F,1
Ruama,F,1
Filippa,F,1
Snigdhita,F,1
Oleksandra,F,1
Jasnoor,F,1
Vlinder,F,1
Sahory,F,1
Cinthia,F,1
Sanae,F,1
Dionisia,F,1
Thayssa,F,1
Gernaísa,F,1
Inajé,F,1
Zayra,F,1
Nghoite,F,1
Wania,F,1
Pregua,F,1
Shahreen,F,1
Tâlyana,F,1
Sewani,F,1
Josy,F,1
Story,F,1
Solikha,F,1
Kayannie,F,1
Brígida,F,1
Yolanda,F,1
Sonima,F,1
Heliana,F,1
Suryn,F,1
Annie,F,1
Lhajin,F,1
Kaylla,F,1
Geralda,F,1
Idália,F,1
Johanna,F,1
Rubina,F,1
Kauana,F,1
Jesica,F,1
Ohanna,F,1
Priyancy,F,1
Teyana,F,1
Laissa,F,1
Sarina,F,1
Amaia,F,1
Kadiatou,F,1
Arafah,F,1
Jassirat,F,1
Ivory,F,1
Willow,F,1
Noorfatema,F,1
Adelle,F,1
Robin,F,1
Irley,F,1
Wiliane,F,1
Xinduo,F,1
Béatrice,F,1
Leofátima,F,1
Georgia,F,1
Mélyssa,F,1
Manuelly,F,1
Gloria,F,1
Lhya,F,1
Eugenia,F,1
Djalvin,F,1
Giulhia,F,1
Lakisha,F,1
Inesa,F,1
Kylie,F,1
Isnani,F,1
Amber,F,1
Mina,F,1
Hayaa,F,1
Yanni,F,1
Minodora,F,1
Vítória,F,1
Geiza,F,1
Krystal,F,1
Annick,F,1
Áminah,F,1
Irada,F,1
Marieta,F,1
Makayla,F,1
Ermelinda,F,1
Abimaela,F,1
Johaina,F,1
Adrielly,F,1
Harsirat,F,1
Shanaya,F,1
Kiami,F,1
Alyne,F,1
Tchali,F,1
Lêan,F,1
Blessing,F,1
Madeha,F,1
Suse,F,1
Silke,F,1
Brigite,F,1
Gurseerat,F,1
Gael,F,1
Rafaely,F,1
Claudia,F,1
Leticya,F,1
Shreesha,F,1
Kelsie,F,1
Carine,F,1
Adrielle,F,1
Yossane,F,1
Génises,F,1
Clarice,F,1
Carmela,F,1
Jucemara,F,1
Abeeha,F,1
Cristhieny,F,1
Zainabou,F,1
Shantelle,F,1
Eduwina,F,1
Samiya,F,1
Emiliane,F,1
Naima,F,1
Ekaterina,F,1
Biatriz,F,1
Oana,F,1
Angelini,F,1
Luiyane,F,1
Ribiya,F,1
Severina,F,1
Lovleen,F,1
Priscilla,F,1
Edyane,F,1
Anisia,F,1
Minerva,F,1
Silvie,F,1
Neria,F,1
Jeshika,F,1
Chandra,F,1
Dominica,F,1
Mirella,F,1
Nadir,F,1
Lika,F,1
Juno,F,1
Ivanka,F,1
Doralice,F,1
Radijah,F,1
Nataniela,F,1
Yori,F,1
Uriyanne,F,1
Aniella,F,1
Gracinda,F,1
Timélzia,F,1
Miryan,F,1
Catherine,F,1
Yohana,F,1
Annael,F,1
Beatrice,F,1
Ludiana,F,1
Kexin,F,1
Susete,F,1
Shuyi,F,1
Cattleya,F,1
Stuti,F,1
Lyra,F,1
Eloá,F,1
Thailine,F,1
Neliza,F,1
Dayanne,F,1
Orange,F,1
Idalete,F,1
Clementine,F,1
Binto,F,1
Adymara,F,1
Érika,F,1
Krishti,F,1
Aaryesha,F,1
Josélia,F,1
Zjoana,F,1
Iana,F,1
Shanzay,F,1
Anastassia,F,1
Imani,F,1
Neise,F,1
Ravneet,F,1
Deanna,F,1
Abeedha,F,1
Miroslava,F,1
Ieva,F,1
Enzel,F,1
Aarya,F,1
Hélcias,F,1
Nuryam,F,1
Syeda,F,1
Zoleta,F,1
Ailla,F,1
Suntu,F,1
Tinka,F,1
Aísha,F,1
Alissia,F,1
Zamy,F,1
Laurentina,F,1
Diljot,F,1
Yile,F,1
Abby,F,1
Aleena,F,1
Timeea,F,1
Augusta,F,1
Elísia,F,1
Kavina,F,1
Kianna,F,1
Cassilda,F,1
Nuria,F,1
Tayna,F,1
Sianna,F,1
Iamara,F,1
Ysabella,F,1
Tasia,F,1
Reezma,F,1
Fatoumata,F,1
Bidushi,F,1
Thiara,F,1
Geisa,F,1
Lawan,F,1
Silivondela,F,1
Santiago,M,2084
João,M,1773
Francisco,M,1687
Rodrigo,M,1553
Martim,M,1497
Afonso,M,1354
Tomás,M,1340
Miguel,M,1192
Duarte,M,1177
Gabriel,M,1111
Lourenço,M,1110
Gonçalo,M,1085
Pedro,M,1072
Guilherme,M,1042
Tiago,M,971
Dinis,M,928
Rafael,M,912
Diogo,M,888
Lucas,M,834
Salvador,M,831
Gustavo,M,760
David,M,744
Vicente,M,711
Simão,M,681
José,M,679
Mateus,M,588
Diego,M,553
Manuel,M,515
Henrique,M,514
António,M,513
Daniel,M,510
Vasco,M,474
Leonardo,M,420
Bernardo,M,405
André,M,397
Luís,M,382
Enzo,M,375
Eduardo,M,329
Alexandre,M,273
Isaac,M,259
Kevin,M,258
Rúben,M,224
Filipe,M,221
Matias,M,216
Leandro,M,208
Xavier,M,201
Ricardo,M,186
Samuel,M,179
Artur,M,162
Nuno,M,141
Bruno,M,139
Carlos,M,135
Davi,M,122
Sebastião,M,121
Hugo,M,119
Valentim,M,114
Rui,M,113
Frederico,M,103
Renato,M,102
Bryan,M,100
Jorge,M,87
Lorenzo,M,81
Benjamim,M,77
Joaquim,M,75
Paulo,M,75
Marco,M,73
Noah,M,72
Mário,M,68
Fábio,M,66
Jaime,M,63
Manel,M,57
Tomé,M,55
William,M,55
Cristiano,M,54
Ângelo,M,53
Micael,M,53
Gil,M,53
Ivo,M,52
Edgar,M,52
Raúl,M,51
Fernando,M,50
Brian,M,44
Ivan,M,44
César,M,42
Emanuel,M,40
Gaspar,M,39
Luca,M,39
Vítor,M,37
Romeu,M,37
Sandro,M,37
Dilan,M,37
Sérgio,M,36
Alex,M,35
Igor,M,35
Eric,M,35
Marcelo,M,33
Elias,M,32
Denis,M,31
Caio,M,31
Isac,M,29
Ismael,M,29
Liam,M,28
Lisandro,M,27
Jonathan,M,27
Moisés,M,27
Yuri,M,26
Muhammad,M,26
Josué,M,26
Cláudio,M,26
Mauro,M,25
Adrien,M,25
Danilo,M,24
Joel,M,24
Erik,M,24
Álvaro,M,23
Nelson,M,23
Dário,M,23
Márcio,M,22
Martinho,M,22
Wesley,M,22
Matheus,M,22
Levi,M,22
Telmo,M,22
Marcos,M,21
Júlio,M,21
Wilson,M,21
Martin,M,20
Victor,M,20
Leonel,M,20
Arthur,M,19
Leo,M,19
Oliver,M,19
Abel,M,18
Thiago,M,18
Cristian,M,18
Benjamin,M,18
Dylan,M,17
Misael,M,17
Edson,M,17
Ian,M,17
Fausto,M,16
Christian,M,16
Ezequiel,M,15
Jonas,M,15
Andrei,M,15
Raul,M,15
Gerson,M,15
Giovani,M,14
Caetano,M,14
Matteo,M,14
Luan,M,14
Ryan,M,14
Adam,M,13
Hélder,M,13
Nicolau,M,12
Sebastian,M,12
Cauã,M,12
Patrick,M,12
Estêvão,M,12
Flávio,M,12
Adriano,M,12
James,M,12
Óscar,M,12
Nicolas,M,11
Alexandru,M,11
Kelvin,M,11
Joshua,M,11
Roberto,M,11
Kendrick,M,11
Augusto,M,11
Cristóvão,M,11
Alberto,M,11
Jesus,M,10
Natanael,M,10
Domingos,M,10
Vitor,M,10
Adriel,M,10
Erick,M,10
Mark,M,10
Jason,M,10
Davide,M,10
Ruben,M,10
Félix,M,10
Marcus,M,10
Luciano,M,10
Denzel,M,10
Heitor,M,10
Jonatã,M,9
Gael,M,9
Iúri,M,9
Aléxis,M,9
Kévim,M,9
Mikael,M,9
Aron,M,8
Luis,M,8
Israel,M,8
Lucca,M,8
Ulisses,M,8
Alonso,M,8
Thomas,M,8
Célio,M,8
Helder,M,8
Dennis,M,8
Mohammad,M,8
Rúdi,M,8
Rayan,M,8
Damien,M,8
Edmundo,M,7
Mohamed,M,7
Adrian,M,7
Ary,M,7
Noé,M,7
Agostinho,M,7
Nataniel,M,7
Valentino,M,7
Maurício,M,7
Fabrício,M,7
Denilson,M,7
Felipe,M,7
Theo,M,7
Éder,M,7
Orlando,M,7
Pietro,M,7
Joabe,M,7
Ravi,M,7
Isaque,M,7
Rogério,M,7
Américo,M,7
Enrique,M,7
Raphael,M,7
Aaron,M,6
Alexandro,M,6
Juliano,M,6
Breno,M,6
Jónatas,M,6
Jair,M,6
Ianis,M,6
Isael,M,6
Robert,M,6
Salomão,M,6
Ícaro,M,6
Tobias,M,6
Amadeu,M,6
Júnior,M,6
Kenzo,M,6
Nathan,M,6
Kauã,M,6
Ibrahim,M,6
Alexander,M,6
Omar,M,6
Anselmo,M,6
Fred,M,5
Élson,M,5
Zion,M,5
Théo,M,5
Jayden,M,5
Eduard,M,5
Válter,M,5
Henry,M,5
Mickael,M,5
Diniz,M,5
Mateo,M,5
Samir,M,5
Lúcio,M,5
Kennedy,M,5
Tierri,M,5
Messias,M,5
Hélio,M,5
Abdul,M,5
Humberto,M,5
Antonio,M,5
Celso,M,5
Marlon,M,5
Jerónimo,M,5
Kauan,M,5
Timóteo,M,5
Haniel,M,5
Iago,M,5
Stefan,M,5
Eliel,M,5
Armando,M,5
Giovanni,M,5
Dominic,M,5
Derick,M,5
Jayson,M,5
Liedson,M,5
Daniil,M,4
Adonai,M,4
Hernâni,M,4
Absalão,M,4
Jessé,M,4
Ethan,M,4
Hazael,M,4
Yu,M,4
Damian,M,4
Maksym,M,4
Mamadou,M,4
Angelo,M,4
Amir,M,4
Giani,M,4
Yannick,M,4
Evan,M,4
Azael,M,4
Zaqueu,M,4
Kelton,M,4
Maksim,M,4
Milan,M,4
Maxim,M,4
Ruan,M,4
Jaden,M,4
Anderson,M,4
Yanni,M,4
Matviy,M,4
Chris,M,4
Marcelino,M,4
Apolo,M,4
Silvestre,M,4
Aires,M,4
Brayan,M,4
Jairo,M,4
Ayaan,M,4
Timur,M,4
Alessandro,M,4
Alfredo,M,4
Martín,M,4
Keven,M,4
Kiamy,M,4
Lázaro,M,4
Max,M,4
Alan,M,4
Bento,M,4
Saúl,M,4
Isaías,M,4
Lukas,M,4
Kian,M,4
Djeyson,M,4
Darius,M,4
Mohammed,M,4
Matei,M,4
Eliézer,M,4
Aryan,M,4
Pablo,M,4
Youssef,M,4
Anthony,M,4
Luiz,M,4
Armaan,M,3
Kleyton,M,3
Evandro,M,3
Angélico,M,3
Artyom,M,3
Josias,M,3
Nilson,M,3
Marvin,M,3
Máximo,M,3
Marley,M,3
Kévin,M,3
Délcio,M,3
Benício,M,3
Yohan,M,3
Deivid,M,3
Uriel,M,3
Raphaël,M,3
Vladimir,M,3
Lopo,M,3
Nicollas,M,3
Oziel,M,3
Steven,M,3
Nikita,M,3
Aleksandr,M,3
Inácio,M,3
Vladislav,M,3
Prince,M,3
Abdullah,M,3
George,M,3
Dante,M,3
Derek,M,3
Axel,M,3
Eurico,M,3
Zayn,M,3
Johnny,M,3
Elijah,M,3
Baltasar,M,3
Gastão,M,3
Felix,M,3
Nicholas,M,3
Ioan,M,3
Fabiano,M,3
Rubim,M,3
Delmar,M,3
Michael,M,3
Sancho,M,3
Arsénio,M,3
Francesco,M,3
Armindo,M,3
Jack,M,3
Valentin,M,3
Rubi,M,3
Christopher,M,3
Eder,M,3
Abdoulaye,M,3
Maximus,M,3
Neymar,M,3
Jan,M,3
Richard,M,3
Reinaldo,M,3
Ion,M,3
Delfim,M,3
Nazar,M,3
Jacinto,M,3
Juan,M,3
Ezio,M,3
Emídio,M,3
Virgílio,M,3
Kelson,M,3
Davy,M,3
Bogdan,M,3
Sílvio,M,3
Alexandr,M,3
Diamantino,M,3
Louis,M,3
Emmanuel,M,3
Iulian,M,3
Oscar,M,3
Tito,M,3
Nilton,M,3
Nélson,M,3
Gusttavo,M,2
Estevão,M,2
Aarnav,M,2
Jeferson,M,2
Joseph,M,2
Agrim,M,2
Lamarana,M,2
Helton,M,2
Édi,M,2
Wallace,M,2
Danilson,M,2
Keyson,M,2
Belchior,M,2
Dérick,M,2
Walter,M,2
Albert,M,2
Fernão,M,2
Shayan,M,2
Mario,M,2
Kael,M,2
Mustafa,M,2
Georgi,M,2
Anael,M,2
Francis,M,2
Esteban,M,2
Enoque,M,2
Hermano,M,2
Kiari,M,2
Mílton,M,2
Ibrahima,M,2
Calebe,M,2
Simon,M,2
Ezra,M,2
Yannis,M,2
Mauri,M,2
Emílio,M,2
Tom,M,2
Willian,M,2
Hamilton,M,2
Kayden,M,2
Tyron,M,2
Abraão,M,2
Elielson,M,2
Laércio,M,2
Hao,M,2
Guransh,M,2
Eli,M,2
Atanas,M,2
Eddy,M,2
Ming,M,2
Ivanilson,M,2
Jefferson,M,2
Fabian,M,2
Marcel,M,2
Vasile,M,2
Kimi,M,2
Bartolomeu,M,2
Jia,M,2
Cédric,M,2
Arnaldo,M,2
Valter,M,2
Eliseu,M,2
Kyami,M,2
Edir,M,2
Jóni,M,2
Léon,M,2
Mariano,M,2
Kyle,M,2
Cael,M,2
Kirill,M,2
Nikolai,M,2
Henzo,M,2
Rodney,M,2
Michel,M,2
Lev,M,2
Lui,M,2
Yi,M,2
Rodolfo,M,2
Ben,M,2
Nathaniel,M,2
Camilo,M,2
Giovany,M,2
Kushal,M,2
Samoa,M,2
Alcino,M,2
Jun,M,2
Filip,M,2
Túlio,M,2
Kaio,M,2
Élton,M,2
Elói,M,2
Abrão,M,2
Atílio,M,2
Asael,M,2
Nélio,M,2
Arman,M,2
Cristovão,M,2
Jadir,M,2
Viriato,M,2
Oleksandr,M,2
Eden,M,2
Ionut,M,2
Abílio,M,2
Ahmad,M,2
Ayrton,M,2
Jimmy,M,2
Gelson,M,2
Eusébio,M,2
Éric,M,2
Teófilo,M,2
Ilídio,M,2
Luka,M,2
Antoine,M,2
Harry,M,2
Luke,M,2
Finn,M,2
Hilário,M,2
Jordan,M,2
Antônio,M,2
Aayush,M,2
Maximiano,M,2
Brahim,M,2
Zhen,M,2
Andriy,M,2
Gilberto,M,2
Tyler,M,2
Avelino,M,2
Kevyn,M,2
Arian,M,2
Lian,M,2
Antero,M,2
Nicolae,M,2
Milton,M,2
Pavel,M,2
Jonata,M,2
Adrián,M,2
Romão,M,2
Janilson,M,2
Dario,M,2
Damião,M,2
Stephen,M,2
Raj,M,2
Zé,M,2
Alvin,M,2
Mathias,M,2
Osvaldo,M,2
Gianluca,M,2
Edwin,M,2
Jamie,M,2
Russell,M,2
Ravidson,M,2
Destiny,M,2
Érico,M,2
Kyan,M,2
Mizael,M,2
Gilson,M,2
Ari,M,2
Dinarte,M,2
Patrício,M,2
Giorgi,M,2
Yaroslav,M,2
Teotónio,M,2
Adalberto,M,2
Santhiago,M,2
Amaro,M,2
Laurindo,M,2
Zihao,M,2
Nikolas,M,2
Kylian,M,2
Catalin,M,2
Djayson,M,2
Mouhamed,M,2
Claúdio,M,2
Bilal,M,2
Kristian,M,2
Oséias,M,2
Aarav,M,2
Jeremias,M,2
Ishan,M,2
Valdemar,M,2
Imran,M,2
Nilo,M,2
Kenny,M,2
Riyan,M,2
Aman,M,2
Januário,M,2
Rian,M,2
Nicola,M,2
Matthias,M,2
Fahd,M,1
Matheo,M,1
Chengman,M,1
Azizbek,M,1
Ashnoor,M,1
Victória,M,1
Ayad,M,1
Cassio,M,1
Kaiming,M,1
Gabriele,M,1
Jadiel,M,1
Jailson,M,1
Gabrieel,M,1
Afnan,M,1
Nik-Nikita,M,1
Mamadu,M,1
Denylson,M,1
Dérrick,M,1
Danielson,M,1
Haoxuan,M,1
Ledilson,M,1
Chester,M,1
Heleno,M,1
Miriam,M,1
Kabir,M,1
Kevindeep,M,1
Gurvir,M,1
Oceano,M,1
Emir,M,1
Serigne,M,1
Sahas,M,1
Muhamed,M,1
Malakai,M,1
Douglas,M,1
Adão,M,1
Seco,M,1
Arley,M,1
Efim,M,1
Zakaria,M,1
Kiame,M,1
Onassis,M,1
Sulaimane,M,1
Ariel,M,1
Kiary,M,1
Djeyv,M,1
Zehan,M,1
Ludgero,M,1
Safwana,M,1
Cauê,M,1
Jonathas,M,1
Emilton,M,1
Waqar,M,1
Augustin,M,1
Emessi,M,1
Saadvik,M,1
Camtai,M,1
Rudi,M,1
Krishna,M,1
Hamza,M,1
Vladmir,M,1
Ramires,M,1
Gui,M,1
Danny,M,1
Celino,M,1
Mladen,M,1
Owen,M,1
Osama,M,1
Wildy,M,1
Kenderson,M,1
Rudy,M,1
Hannes,M,1
Aykel,M,1
Jocel,M,1
Yuvraj,M,1
Aimar,M,1
Aramis,M,1
Matisse,M,1
Brayane,M,1
Edivânio,M,1
Nilmar,M,1
Leyon,M,1
Jessimar,M,1
Ericson,M,1
Ning,M,1
Yue,M,1
Zafar,M,1
Zaroon,M,1
Endy,M,1
Timotei,M,1
Hamad,M,1
Aagambir,M,1
Edison,M,1
Mykhail,M,1
Castelo,M,1
Julen,M,1
Pascoal,M,1
Kawame,M,1
Saan,M,1
Odairson,M,1
Oualid,M,1
Hyrningur,M,1
Vladut,M,1
Rayson,M,1
Hargunjit,M,1
Lavesh,M,1
Micah,M,1
Diinis,M,1
Adonias,M,1
Lewie,M,1
Wade,M,1
Luaan,M,1
Todor,M,1
Wayami,M,1
Cheng,M,1
Keidan,M,1
Elbercio,M,1
Szymon,M,1
Râzvan,M,1
Matvii,M,1
Alesandro,M,1
Agatângelo,M,1
Sisley,M,1
Japnoor,M,1
Jovani,M,1
Kalebe,M,1
Damir,M,1
Sáli,M,1
Helmer,M,1
Emerson,M,1
Claudiu-Alexandru,M,1
Siraje,M,1
Eddie,M,1
Brudy,M,1
Kadirkhan,M,1
Baldvin,M,1
Michail,M,1
Denil,M,1
Wilmer,M,1
Spartaki,M,1
Andrés,M,1
Elysée,M,1
M'Hammed,M,1
Junior,M,1
Jubin,M,1
Abhinav,M,1
Dionísio,M,1
Jahongir,M,1
Mussa,M,1
Zarshed,M,1
Giomaro,M,1
Hussain,M,1
Cedrick,M,1
Ahmed,M,1
Ehinonmen,M,1
Ishaan,M,1
Joelson,M,1
Gino,M,1
Secuna,M,1
Rider,M,1
Ishmeet,M,1
Yixun,M,1
Olivier,M,1
Svyatoslav,M,1
Randeep,M,1
Elisei,M,1
Gleb,M,1
Elvis,M,1
Mayson,M,1
Demétrius,M,1
Kelvy,M,1
Artemiy,M,1
Adit,M,1
Jaylson,M,1
Danael,M,1
Lukenny,M,1
Ycaro,M,1
Nelo,M,1
Xujie,M,1
Jean,M,1
Nawabjit,M,1
Renan,M,1
Abdallah,M,1
Marius,M,1
Tayson,M,1
Yohanne,M,1
Yamato,M,1
Dumitru,M,1
Yuwei,M,1
Efraim,M,1
Iashvizaman,M,1
Kelve,M,1
Mouctar,M,1
Erikson,M,1
Papa-Ndiogou,M,1
Harjot,M,1
Lhyam,M,1
GUSTAVO,M,1
Horácio,M,1
Lenny,M,1
Billy,M,1
Prabesh,M,1
Petar,M,1
Césaro,M,1
Adelino,M,1
Diljot,M,1
Suaré,M,1
Gaurav,M,1
Ustym,M,1
Shiyu,M,1
Keison,M,1
Gurjoban,M,1
Kahil,M,1
Kiese,M,1
Yunxiang,M,1
Andrii,M,1
Yuqi,M,1
Dileison,M,1
Diógenes,M,1
Nídio,M,1
Hassan,M,1
Labib,M,1
Abdulai,M,1
Tawseef,M,1
Homar,M,1
Soraia,M,1
Lewish,M,1
Unis,M,1
Eros,M,1
Anastácio,M,1
Ndiack,M,1
Alcides,M,1
Aram,M,1
Aleksander,M,1
Vilen,M,1
Webany,M,1
Esmael,M,1
Christiaan,M,1
Vasil,M,1
Pavlo,M,1
Kleiton,M,1
Jatniel,M,1
Runi,M,1
Temofiy,M,1
Bhav,M,1
Dmitrii,M,1
Widmilson,M,1
Jingchen,M,1
Reajul,M,1
Dailson,M,1
Andrey,M,1
Dominick,M,1
Edddy,M,1
Emeka,M,1
Kydyane,M,1
Juno,M,1
Aléssio,M,1
Kamal,M,1
Olmo,M,1
Yuhao,M,1
Zenith,M,1
Rhys,M,1
Sardor,M,1
Tymofiy,M,1
Thor,M,1
Kaleb,M,1
Jael,M,1
Matísse,M,1
Richad,M,1
Tchaly,M,1
Chaquil,M,1
Dênis,M,1
Fredy,M,1
Yamin,M,1
Adney,M,1
Laelson,M,1
Finlay,M,1
Ciriel,M,1
Phelix,M,1
Abdurrahim,M,1
Jofre,M,1
Syon,M,1
Júdice,M,1
Borrico,M,1
Venceslau,M,1
Samoil,M,1
Jamim,M,1
Shyam,M,1
Eron,M,1
Semen,M,1
Sixto,M,1
Zaíne,M,1
Crispim,M,1
Bráulio,M,1
Mikita,M,1
Rosil,M,1
Otchali,M,1
Muif,M,1
Kyllen,M,1
Iego,M,1
Arius,M,1
Malik,M,1
Daylon,M,1
Javlon,M,1
Zichen,M,1
Mahib,M,1
Kyari,M,1
Anicete,M,1
Yussuf,M,1
Adaylton,M,1
Helson,M,1
Clayton,M,1
Vincent,M,1
Manu,M,1
Ismar,M,1
Arv,M,1
Shyom,M,1
Aleck,M,1
Raimondo,M,1
Izidor,M,1
Yoami,M,1
Pasang,M,1
Lairton,M,1
Thierno,M,1
Alarick,M,1
Kahel,M,1
Marygots,M,1
Densel,M,1
Trendafil,M,1
Queba,M,1
Zhion,M,1
Jó,M,1
Smaran,M,1
Anantveer,M,1
Abdulaí,M,1
Etson,M,1
Cody,M,1
Dimas,M,1
Sálvio,M,1
Usaid,M,1
Yala,M,1
Anran,M,1
Umaro,M,1
Sanoel,M,1
Caelan,M,1
Keanu,M,1
Leónidas,M,1
Uirso,M,1
Alexsandro,M,1
Víctor,M,1
Wandy,M,1
Airton,M,1
Jood,M,1
Calvin,M,1
Evel,M,1
Olávio,M,1
Felisberto,M,1
Fateh,M,1
Derik,M,1
Adryan,M,1
Jagger,M,1
Iacov,M,1
Uziel,M,1
Haziel,M,1
Román,M,1
Elson,M,1
Ledison,M,1
Vincenzo,M,1
Tércio,M,1
Elisandro,M,1
Holger,M,1
Albano,M,1
Yuanlei,M,1
Haoyu,M,1
Brayne,M,1
Vitaliy,M,1
Yzaque,M,1
Freddie,M,1
Ino,M,1
Henri,M,1
Dillon,M,1
Sonny,M,1
Izyaan,M,1
Nirvair,M,1
Samyak,M,1
Aylan,M,1
Guiller,M,1
Iverson,M,1
Idirissa,M,1
Euclides,M,1
Jaziel,M,1
Julião,M,1
Rafaello,M,1
Wagner,M,1
Izak,M,1
Witsel,M,1
Alpha,M,1
Lésio,M,1
Liano,M,1
Mélvin,M,1
Nelio,M,1
Hyadi,M,1
Logan,M,1
Illya,M,1
Arik,M,1
Gheorghe,M,1
Ayan,M,1
Leydilson,M,1
Dikafany,M,1
Kripal,M,1
Ringo,M,1
Eliedson,M,1
Diofe,M,1
Rumi,M,1
Sergiu,M,1
Jaskaran,M,1
Luviano,M,1
Safal,M,1
Dominique,M,1
Daércio,M,1
Helmar,M,1
Roque,M,1
Siddhártha,M,1
Clever,M,1
Geovane,M,1
Rubén,M,1
Radu,M,1
Henock,M,1
Ysakor,M,1
Hérmen,M,1
Rassan,M,1
Casimiro,M,1
Marin,M,1
Ederson,M,1
Kunchok,M,1
Rillescas,M,1
Cidálio,M,1
Kiami,M,1
Énio,M,1
Virgínio,M,1
Aaravpreet,M,1
Nicolás,M,1
Declan,M,1
Claudison,M,1
Kissamá,M,1
Lukás,M,1
Asiel,M,1
Boris,M,1
Hérick,M,1
Dyon,M,1
Manasseh,M,1
JOSÉ,M,1
Shawn,M,1
Bunyodbek,M,1
Achut,M,1
Meregaly,M,1
Hicham,M,1
Braiany,M,1
Saico,M,1
Fílio,M,1
Mubasshir,M,1
Junaid,M,1
Edevaldo,M,1
Yuran,M,1
Adjassi,M,1
Yasser,M,1
Swikar,M,1
Aedécio,M,1
Ahnaf,M,1
Georgino,M,1
Petro,M,1
Egon,M,1
Josefhi,M,1
Elisson,M,1
Evangelos,M,1
Ekamjit,M,1
M'ma,M,1
Secundino,M,1
Aureo,M,1
Anton,M,1
Aymar,M,1
Taylor,M,1
Cassiano,M,1
Issa,M,1
Andriel,M,1
Arshaman,M,1
Ibraima,M,1
Silvio,M,1
Harrison,M,1
Sarbesh,M,1
Soki,M,1
Abrar,M,1
Belarmino,M,1
Artem,M,1
Apollo,M,1
Sebastián,M,1
Amar,M,1
Reuel,M,1
Haamed,M,1
Adrilld,M,1
Yossef,M,1
Dayvis,M,1
Tierry,M,1
Jerykson,M,1
Kellyson,M,1
Wildson,M,1
Naksh,M,1
Érick,M,1
Kawaren,M,1
Isandro,M,1
Leonelson,M,1
Safar,M,1
Klaus,M,1
Maison,M,1
Anmol,M,1
Lincoln,M,1
Markiyan,M,1
Sury,M,1
Charles,M,1
Tarcío,M,1
Herculano,M,1
Ailton,M,1
Kélcio,M,1
Evanildo,M,1
Syde,M,1
Abijot,M,1
Ibrain,M,1
Ivanildo,M,1
Kiezi,M,1
Solano,M,1
Krishant,M,1
Spencer,M,1
Thomás,M,1
Yóhane,M,1
Dongsheng,M,1
Eloy,M,1
Jhonatann,M,1
Deep,M,1
Harsh,M,1
Mattia,M,1
Karan,M,1
Alin,M,1
Ramzanbek,M,1
Gláucio,M,1
Wami,M,1
Ildeny,M,1
Damenaue,M,1
Ousmane,M,1
Nil,M,1
Flint,M,1
Vihaan,M,1
Deimos,M,1
Cristhian,M,1
Naulan,M,1
Odin,M,1
Tino,M,1
Martino,M,1
Jivreet,M,1
Enzu,M,1
Ítalo,M,1
Lyan,M,1
Sante,M,1
Auany,M,1
Arnav,M,1
Evickson,M,1
Adarsh,M,1
Nuwairan,M,1
Ildebrando,M,1
Art,M,1
Kabigya,M,1
Christyan,M,1
Linus,M,1
Giacomo,M,1
Flynn,M,1
Sabal,M,1
Neemias,M,1
Ronalld,M,1
Yinuo,M,1
Zhi,M,1
Oscár,M,1
Kiyan,M,1
Bleyner,M,1
Zuriel,M,1
Marbin,M,1
Cássio,M,1
Ebenezer,M,1
Otiniel,M,1
Sardorjon,M,1
Micaelsun,M,1
Kihelton,M,1
Alvaro,M,1
Elián,M,1
Denys,M,1
Helmo,M,1
Mairon,M,1
Valentyn,M,1
Murodjon,M,1
Tony,M,1
Kiane,M,1
Jahmeson,M,1
Laymir,M,1
Figo,M,1
Sidney,M,1
Madison,M,1
Yuxuan,M,1
Adolfo,M,1
Nadir,M,1
Aden,M,1
Kevan,M,1
Ivane,M,1
Stevan,M,1
Mordechai,M,1
Rayyan,M,1
Uriil,M,1
Alikhan,M,1
Frederic,M,1
Heyden,M,1
kevin,M,1
Lil,M,1
Elmer,M,1
Sameep,M,1
Mohamadu,M,1
Chrisland,M,1
Leonard,M,1
Tapan,M,1
Tahiman,M,1
Nicolay,M,1
Galileu,M,1
Murtuza,M,1
Alasdair,M,1
Yogyadeep,M,1
Navraj,M,1
Jamil,M,1
Aegison,M,1
Ruidney,M,1
Sauharda,M,1
Aniel,M,1
Rynaldo,M,1
Mesaque,M,1
Sidnei,M,1
Yohanni,M,1
Dheká,M,1
Ishaq,M,1
Aníbal,M,1
Jeydan,M,1
Xénon,M,1
Bhidan,M,1
Reyansh,M,1
Abdulmuiz,M,1
Timéo,M,1
Roger,M,1
Maycon,M,1
Maahin,M,1
Venâncio,M,1
Lesane,M,1
Van,M,1
Pagbe,M,1
Lucian,M,1
Abhiyan,M,1
Kénnedy,M,1
Manassés,M,1
Ken,M,1
Iaia,M,1
Sajid,M,1
Salvio,M,1
Hristo,M,1
Afraz,M,1
Elísio,M,1
Abdelrahman,M,1
Solal,M,1
Dhevin,M,1
Oumar,M,1
Ajit,M,1
Nelvin,M,1
Zinga,M,1
Eryk,M,1
Ery,M,1
Suprajeet,M,1
Osman,M,1
Kendji,M,1
Otniel,M,1
Jon,M,1
Kylain,M,1
Fortunato,M,1
Layron,M,1
Luizinho,M,1
Demetre,M,1
Mateen,M,1
Dawud,M,1
Bacar,M,1
Armandino,M,1
Wyter,M,1
Márvin,M,1
Ronney,M,1
Dénis,M,1
Filipo,M,1
Etiandro,M,1
Eliot,M,1
Nectarie,M,1
Gibril,M,1
River,M,1
Ayame,M,1
Elvandro,M,1
Raimond,M,1
Ji,M,1
Dárcio,M,1
Rene,M,1
Rivan,M,1
Abner,M,1
Frederick,M,1
Martiano,M,1
Ramsés,M,1
Pukuan,M,1
Harnoor,M,1
Haroun,M,1
Aristides,M,1
Eliezer,M,1
Montgomery,M,1
Asstemír,M,1
Kyanpreet,M,1
Matías,M,1
Ucheechi,M,1
Almir,M,1
Melvin,M,1
Vitalie,M,1
Aseem,M,1
Jeriel,M,1
Stanislav,M,1
Harman,M,1
Braima,M,1
Volodymyr,M,1
Mykail,M,1
Vuk,M,1
Riquelme,M,1
Luisberto,M,1
Mariusz,M,1
Edjailzen,M,1
Yann,M,1
Hércules,M,1
Estelvio,M,1
Nuño,M,1
Candido,M,1
Ramiro,M,1
Saad,M,1
Nirmay,M,1
Kwenda,M,1
Oclénio,M,1
Dione,M,1
Gaspard,M,1
Kelvyn,M,1
Tareak,M,1
Jeovani,M,1
Jucilino,M,1
Defence,M,1
Aquiles,M,1
Lechen,M,1
Iwan,M,1
Ignaz,M,1
Lyam,M,1
Vinildo,M,1
Shahbaz,M,1
Dani,M,1
Lohan,M,1
Emilian,M,1
Guido,M,1
Unuryan,M,1
Eun,M,1
Alejandro,M,1
Edgilson,M,1
Abubakarr,M,1
Gursher,M,1
Luizandro,M,1
Adilson,M,1
Lenilson,M,1
Omari,M,1
Hummels,M,1
Andgelo,M,1
Mourice,M,1
Adner,M,1
Anyfá,M,1
Rain,M,1
Ayman,M,1
Arif,M,1
Adwait,M,1
Kiluanji,M,1
Juelson,M,1
Ronilson,M,1
Caleb,M,1
Mattheo,M,1
Niones,M,1
Omid,M,1
Silas,M,1
Matvei,M,1
Yosefe,M,1
Yuliyan,M,1
Jiale,M,1
Allyson,M,1
Hericky,M,1
Omer,M,1
Zawadi,M,1
Lonnell,M,1
Liberato,M,1
Egídio,M,1
Sales,M,1
Gilcélio,M,1
Lapo,M,1
Anhsirk,M,1
Feliciano,M,1
Jaume,M,1
Gurpal,M,1
Arshman,M,1
Abilash,M,1
Bradley,M,1
Dimitar,M,1
Joliam,M,1
Kellvin,M,1
Rômulo,M,1
Anass,M,1
Abhyudaya,M,1
Sven,M,1
Yanick,M,1
Adenilson,M,1
Zexuan,M,1
Ilii,M,1
Ali,M,1
Énsol,M,1
Helione,M,1
Hector,M,1
Shaahan,M,1
Áleph,M,1
Benjamín,M,1
Ernesto,M,1
Alison,M,1
Olavo,M,1
Aakarshan,M,1
Cairon,M,1
Erilton,M,1
Akemi,M,1
Devlin,M,1
Ismail,M,1
Djeison,M,1
Aviraj,M,1
Leon,M,1
Dawani,M,1
Pepe,M,1
Brandon,M,1
Cleber,M,1
Nuelson,M,1
Kristopher,M,1
Sarbin,M,1
Louan,M,1
Laurent,M,1
Justo,M,1
Ilie-Matei,M,1
Hidanir,M,1
Lazar,M,1
Danil,M,1
Kareem,M,1
Sarmaan,M,1
Romero,M,1
Nezzar,M,1
Dilraj,M,1
Adyan,M,1
Sam,M,1
Qi,M,1
Papís,M,1
Vando,M,1
Aleyson,M,1
Alexson,M,1
Aylton,M,1
Kelvim,M,1
Viktor,M,1
Rajanbir,M,1
Chen,M,1
Alírio,M,1
Iyad,M,1
Mago,M,1
Elhadji,M,1
Maxuwell,M,1
Zakariya,M,1
Djaad,M,1
Luigi,M,1
Gabrieli,M,1
Tejasvir,M,1
Baburkhan,M,1
Dhavid,M,1
Yudi,M,1
Arseniy,M,1
Idrissa,M,1
Gurman,M,1
Andrew,M,1
Hélduiny,M,1
Aldo,M,1
Sami,M,1
Jandem,M,1
Wayamy,M,1
Lyann,M,1
Ronaldo,M,1
Vânio,M,1
Deivit,M,1
Amadu,M,1
Baltazar,M,1
Saamik,M,1
Django,M,1
Kaiser,M,1
Dieggo,M,1
Erikssander,M,1
Amâncio,M,1
Adame,M,1
Andres,M,1
Davyd,M,1
Mouhamadou,M,1
Guillermo,M,1
Licínio,M,1
Állan,M,1
Dinael,M,1
Teodoro,M,1
Zakhar,M,1
Delme,M,1
Gurnoor,M,1
Brayn,M,1
Kiven,M,1
Artiom,M,1
Aboubacar,M,1
Shuo,M,1
Álison,M,1
Aayan,M,1
Rivaldo,M,1
Yuming,M,1
Keicy,M,1
Yanis,M,1
Constantino,M,1
Leví,M,1
Vladymyr,M,1
Philipp,M,1
Dyllan,M,1
Rares,M,1
Edifanio,M,1
Tarciso,M,1
Sahib,M,1
Aaryan,M,1
Manteg,M,1
Ersílio,M,1
Qian,M,1
Dereck,M,1
Alexei,M,1
Iuri,M,1
Goundo,M,1
Joás,M,1
Aloísio,M,1
Adryel,M,1
Ekamjot,M,1
Erwan,M,1
Mezut,M,1
Dien,M,1
Renildo,M,1
Custódio,M,1
Muaz,M,1
Kayson,M,1
Henrico,M,1
Nehan,M,1
Sameed,M,1
Siméon,M,1
Josemar,M,1
Adenay,M,1
Stephan,M,1
Andy,M,1
Ventsislav,M,1
Kasyab,M,1
Ángel,M,1
Vitalino,M,1
Neevan,M,1
Yuvan,M,1
Yoris,M,1
Russel,M,1
Rai,M,1
Arun,M,1
Anas,M,1
Swayam,M,1
Ezekiel,M,1
Bóris,M,1
Samip,M,1
Aliyan,M,1
Shiqi,M,1
Dilson,M,1
Dércio,M,1
Roshan,M,1
Aloïs,M,1
Ghaith,M,1
Kenylson,M,1
Duane,M,1
Emile,M,1
Rhuan,M,1
Lielson,M,1
Itiel,M,1
Mikhail,M,1
Iderson,M,1
Shabbir,M,1
Alfredinho,M,1
Landon,M,1
Abiral,M,1
Klismman,M,1
Wayiza,M,1
Job,M,1
Nirbhay,M,1
Ugam,M,1
Brenthon,M,1
Dirceu,M,1
Angel,M,1
Ekampreet,M,1
Welnir,M,1
Edvaldo,M,1
Nikolay,M,1
Heitan,M,1
Tommy,M,1
Davron,M,1
Murilo,M,1
Mykhael,M,1
Macar,M,1
Allen,M,1
Shivansh,M,1
Aladje,M,1
Atharva,M,1
Eirik,M,1
Cosme,M,1
Eudes,M,1
Bubacar,M,1
Karlo,M,1
Darian,M,1
Ely,M,1
Jigme,M,1
Roméo,M,1
Lex,M,1
Wim,M,1
Ishak,M,1
Sidaqpreet,M,1
Nildo,M,1
Bryant,M,1
Freddy,M,1
Nedilson,M,1
Bihaan,M,1
Kayo,M,1
Kiril,M,1
Vitas,M,1
Natan,M,1
Dierson,M,1
Dadjoandin,M,1
Mutaro,M,1
Neville,M,1
Ibraimovic,M,1
Quesana,M,1
Zeferino,M,1
Cesário,M,1
Parlin,M,1
Ariyo,M,1
Romario,M,1
Jude,M,1
Didier,M,1
Lobo,M,1
Edner,M,1
Timeo,M,1
Armínio,M,1
Zi,M,1
Jingxuan,M,1
Bruce,M,1
Bernard,M,1
Zacky,M,1
Carlo,M,1
Rodrigues,M,1
Christiano,M,1
Jenish,M,1
Kinan,M,1
Rafaelo,M,1
Celsio,M,1
Durval,M,1
Zoé,M,1
Arjun,M,1
Heden,M,1
Ruthnney,M,1
Kienyelson,M,1
Jeyson,M,1
Taráz,M,1
Nerik,M,1
Yusuf,M,1
Rostislav,M,1
Boqian,M,1
Towfiq,M,1
Kléber,M,1
Iulian-Gabriel,M,1
Diyorbek,M,1
Jairson,M,1
Edmilson,M,1
Fabio,M,1
Melvyn,M,1
Khélio,M,1
Naeem,M,1
Djeviny,M,1
Seth,M,1
Alvarino,M,1
Emanoil,M,1
Temitayo,M,1
Tome,M,1
Thierry,M,1
Madjer,M,1
Kledilson,M,1
Saymon,M,1
Erasmo,M,1
Rafa,M,1
Vílmar,M,1
Anilton,M,1
Wendell,M,1
Reneckson,M,1
Kamoliddin,M,1
Paul,M,1
Acácio,M,1
Noel,M,1
Jamilson,M,1
Muhammed,M,1
Zekai,M,1
Ygor,M,1
Jacó,M,1
Prakrit,M,1
Kleber,M,1
Sajeet,M,1
Prudêncio,M,1
Enan,M,1
Ziqian,M,1
Andrs,M,1
Ayon,M,1
Leidson,M,1
Zyad,M,1
Nérsys,M,1
Stevany,M,1
Platini,M,1
Minhal,M,1
Manish,M,1
Ilias,M,1
Alage,M,1
Isak,M,1
Wassim,M,1
Octávio,M,1
Sky,M,1
Dhir,M,1
Aryckson,M,1
Hortêncio,M,1
Aayam,M,1
Hatim,M,1
Yanko,M,1
Gurwinder,M,1
Samyam,M,1
Akin,M,1
Keiyan,M,1
Endrickson,M,1
Ralph,M,1
Petelson,M,1
Petru,M,1
Rohan,M,1
Bibek,M,1
Amadeo,M,1
Bryanne,M,1
Rudson,M,1
Epandi,M,1
Maximiliano,M,1
Márcel,M,1
Lassana,M,1
Junlei,M,1
Chenyu,M,1
Siddhartha,M,1
Salatiel,M,1
Kion,M,1
Madani,M,1
Chuyi,M,1
Nichita,M,1
Hildebrando,M,1
Dragos,M,1
Gentil,M,1
Élcio,M,1
Yousef,M,1
Giorge,M,1
Jheidane,M,1
Sudev,M,1
Laurentino,M,1
Ayushman,M,1
Davidson,M,1
Manjot,M,1
Marthyn,M,1
Weslley,M,1
Ciwan,M,1
Gurshaan,M,1
Salviano,M,1
Leando,M,1
Oriel,M,1
Zyan,M,1
Neyton,M,1
Malek,M,1
Eliano,M,1
Mykyta,M,1
Levy,M,1
Jeremy,M,1
Kaique,M,1
Kevin-Cosmin,M,1
Mamadú,M,1
Ricky,M,1
Lourenzo,M,1
Ciro,M,1
Jordano,M,1
Hiroshi,M,1
Rody,M,1
Jazz,M,1
Agamjot,M,1
Isaí,M,1
Aboubakar,M,1
Kerson,M,1
Alfa,M,1
Shao,M,1
Jelany,M,1
Solomon,M,1
Bipsan,M,1
YU,M,1
Yashkumar,M,1
Menhaz,M,1
Yvan,M,1
Jemy,M,1
Kailon,M,1
Kymani,M,1
Djeisen,M,1
Assimiou,M,1
Aiden,M,1
Daniele,M,1
Meryk,M,1
Tommaso,M,1
Braian,M,1
Jordi,M,1
Adoniel,M,1
Kiiari,M,1
Cheihouba,M,1
Jelson,M,1
Hermès,M,1
Andrea,M,1
Mathieu,M,1
Hilliam,M,1
Gustaf,M,1
Lael,M,1
Songxian,M,1
Dinys,M,1
Tárcio,M,1
Elizandro,M,1
Kelby,M,1
Amiel,M,1
Anilker,M,1
Djudd,M,1
Axkan,M,1
Andre,M,1
Martins,M,1
Yousuf,M,1
Wilmar,M,1
Daniyal,M,1
Isidro,M,1
Josimar,M,1
Djamal,M,1
Romérick,M,1
Eliasafe,M,1
Olímpio,M,1
Jovanny,M,1
Brandão,M,1
Litana,M,1
Zayan,M,1
Alexsander,M,1
Vinícius,M,1
Leodvaldo,M,1
Lancelot,M,1
John,M,1
Usman,M,1
Ahren,M,1
Niansh,M,1
Sabino,M,1
Jayssan,M,1
Ìvan,M,1
Aidan,M,1
Sahibdeep,M,1
Papa,M,1
Josiel,M,1
Jackson,M,1
Sardar,M,1
Sogyal,M,1
Kay,M,1
Abilio,M,1
Agam,M,1
Luai,M,1
Jovânio,M,1
